{"cameraMode":{"drawMode":0,"name":"Shaded","section":"Shading Mode"},"sceneLighting":false,"audioPlay":false,"sceneViewState":{"m_AlwaysRefresh":false,"showFog":true,"showSkybox":false,"showFlares":true,"showImageEffects":true,"showParticleSystems":true,"showVisualEffectGraphs":true,"m_FxEnabled":false},"in2DMode":false,"pivot":{"x":0.22766758501529694,"y":0.38821449875831606,"z":0.04188673198223114},"rotation":{"x":-0.03841977193951607,"y":0.9362395405769348,"z":-0.33203572034835818,"w":-0.10833331942558289},"size":0.5522273778915405,"orthographic":false}