{"cameraMode":{"drawMode":0,"name":"Shaded","section":"Shading Mode"},"sceneLighting":false,"audioPlay":false,"sceneViewState":{"m_AlwaysRefresh":false,"showFog":true,"showSkybox":false,"showFlares":true,"showImageEffects":true,"showParticleSystems":true,"showVisualEffectGraphs":true,"m_FxEnabled":false},"in2DMode":false,"pivot":{"x":1.305021047592163,"y":-2.0168538093566896,"z":2.6582303047180177},"rotation":{"x":-0.1570296585559845,"y":-0.32038724422454836,"z":0.053944990038871768,"w":-0.9326223134994507},"size":4.9471635818481449,"orthographic":false}