{"cameraMode":{"drawMode":0,"name":"Shaded","section":"Shading Mode"},"sceneLighting":false,"audioPlay":false,"sceneViewState":{"m_AlwaysRefresh":false,"showFog":true,"showSkybox":false,"showFlares":true,"showImageEffects":true,"showParticleSystems":true,"showVisualEffectGraphs":true,"m_FxEnabled":false},"in2DMode":false,"pivot":{"x":-0.7475829720497131,"y":0.03784734010696411,"z":0.21580320596694947},"rotation":{"x":-0.0577210895717144,"y":0.9326514601707459,"z":-0.17290514707565309,"w":-0.3113482594490051},"size":0.6685687899589539,"orthographic":false}