{"cameraMode":{"drawMode":0,"name":"Shaded","section":"Shading Mode"},"sceneLighting":false,"audioPlay":false,"sceneViewState":{"m_AlwaysRefresh":false,"showFog":true,"showSkybox":false,"showFlares":true,"showImageEffects":true,"showParticleSystems":true,"showVisualEffectGraphs":true,"m_FxEnabled":false},"in2DMode":false,"pivot":{"x":-0.07646197080612183,"y":0.030839264392852784,"z":0.07081329822540283},"rotation":{"x":-0.05529508367180824,"y":-0.938943088054657,"z":0.2876836955547333,"w":-0.1804741472005844},"size":0.8076614737510681,"orthographic":false}