{"cameraMode":{"drawMode":0,"name":"Shaded","section":"Shading Mode"},"sceneLighting":false,"audioPlay":false,"sceneViewState":{"m_AlwaysRefresh":false,"showFog":true,"showSkybox":false,"showFlares":true,"showImageEffects":true,"showParticleSystems":true,"showVisualEffectGraphs":true,"m_FxEnabled":false},"in2DMode":false,"pivot":{"x":12.805554389953614,"y":36.56521224975586,"z":65.80615234375},"rotation":{"x":-0.0004839173052459955,"y":0.9837865829467773,"z":-0.17933402955532075,"w":-0.0026548923924565317},"size":55.097557067871097,"orthographic":false}