{"cameraMode":{"drawMode":0,"name":"Shaded","section":"Shading Mode"},"sceneLighting":false,"audioPlay":false,"sceneViewState":{"m_AlwaysRefresh":false,"showFog":true,"showSkybox":false,"showFlares":true,"showImageEffects":true,"showParticleSystems":true,"showVisualEffectGraphs":true,"m_FxEnabled":false},"in2DMode":false,"pivot":{"x":0.03949753940105438,"y":0.04441447556018829,"z":-0.014066070318222046},"rotation":{"x":-0.00033223285572603345,"y":0.9993216395378113,"z":-0.009303699247539044,"w":-0.0356895737349987},"size":0.13399279117584229,"orthographic":false}